period,value
2020-01-01,345976.0
2020-01-02,315106.0
2020-01-03,324688.0
2020-01-04,356195.0
2020-01-05,342419.0
2020-01-06,345359.0
2020-01-07,341273.0
2020-01-08,335840.0
2020-01-09,299308.0
2020-01-10,284475.0
2020-01-11,396574.0
2020-01-12,403137.0
2020-01-13,369663.0
2020-01-14,316904.0
2020-01-15,300691.0
2020-01-16,387498.0
2020-01-17,404871.0
2020-01-18,357530.0
2020-01-19,424582.0
2020-01-20,457413.0
2020-01-21,438101.0
2020-01-22,421724.0
2020-01-23,383338.0
2020-01-24,389689.0
2020-01-25,369251.0
2020-01-26,341586.0
2020-01-27,346605.0
2020-01-28,381168.0
2020-01-29,388713.0
2020-01-30,376911.0
2020-01-31,346553.0
2020-02-01,339133.0
2020-02-02,292941.0
2020-02-03,280288.0
2020-02-04,350420.0
2020-02-05,407051.0
2020-02-06,408773.0
2020-02-07,393448.0
2020-02-08,364324.0
2020-02-09,332831.0
2020-02-10,361332.0
2020-02-11,363384.0
2020-02-12,383275.0
2020-02-13,448081.0
2020-02-14,463328.0
2020-02-15,384133.0
2020-02-16,318735.0
2020-02-17,306431.0
2020-02-18,343210.0
2020-02-19,363955.0
2020-02-20,391989.0
2020-02-21,409215.0
2020-02-22,359636.0
2020-02-23,310431.0
2020-02-24,319937.0
2020-02-25,359600.0
2020-02-26,394168.0
2020-02-27,373905.0
2020-02-28,337273.0
2020-02-29,323268.0
2020-03-01,281581.0
2020-03-02,273723.0
2020-03-03,284233.0
2020-03-04,298372.0
2020-03-05,308900.0
2020-03-06,311421.0
2020-03-07,312675.0
2020-03-08,274117.0
2020-03-09,271459.0
2020-03-10,294137.0
2020-03-11,267649.0
2020-03-12,262311.0
2020-03-13,295193.0
2020-03-14,326429.0
2020-03-15,331189.0
2020-03-17,293791.0
2020-03-18,273078.0
2020-03-19,255254.0
2020-03-20,301073.0
2020-03-21,318997.0
2020-03-22,324648.0
2020-03-23,294758.0
2020-03-24,296844.0
2020-03-25,278640.0
2020-03-26,259848.0
2020-03-27,246488.0
2020-03-28,244937.0
2020-03-29,245068.0
2020-03-30,252645.0
2020-03-31,249315.0
2020-04-01,258411.0
2020-04-02,248165.0
2020-04-03,269348.0
2020-04-04,310252.0
2020-04-05,271920.0
2020-04-06,253157.0
2020-04-07,249478.0
2020-04-08,263629.0
2020-04-09,245964.0
2020-04-10,263999.0
2020-04-11,256090.0
2020-04-12,257531.0
2020-04-13,318680.0
2020-04-14,301847.0
2020-04-15,288425.0
2020-04-16,281557.0
2020-04-17,297388.0
2020-04-18,290359.0
2020-04-19,243421.0
2020-04-20,247787.0
2020-04-21,241324.0
2020-04-22,251379.0
2020-04-23,242885.0
2020-04-24,241320.0
2020-04-25,242168.0
2020-04-26,242592.0
2020-04-27,243892.0
2020-04-28,249089.0
2020-04-29,246341.0
2020-04-30,242461.0
2020-05-01,248038.0
2020-05-02,261157.0
2020-05-04,247598.0
2020-05-05,238185.0
2020-05-06,236624.0
2020-05-07,242579.0
2020-05-08,245906.0
2020-05-09,247227.0
2020-05-10,240802.0
2020-05-11,266375.0
2020-05-12,275837.0
2020-05-13,261610.0
2020-05-14,253665.0
2020-05-15,240915.0
2020-05-16,236566.0
2020-05-17,243428.0
2020-05-18,239456.0
2020-05-19,237971.0
2020-05-20,245073.0
2020-05-21,243785.0
2020-05-22,251007.0
2020-05-23,270743.0
2020-05-24,286175.0
2020-05-25,270183.0
2020-05-26,271818.0
2020-05-27,261164.0
2020-05-28,258301.0
2020-05-29,259196.0
2020-05-30,251114.0
2020-05-31,267741.0
2020-06-01,287732.0
2020-06-02,307587.0
2020-06-03,334940.0
2020-06-04,318146.0
2020-06-05,331935.0
2020-06-06,358568.0
2020-06-07,360644.0
2020-06-08,340094.0
2020-06-09,344200.0
2020-06-10,266029.0
2020-06-11,293181.0
2020-06-12,314880.0
2020-06-13,330398.0
2020-06-14,334893.0
2020-06-15,336236.0
2020-06-16,327391.0
2020-06-17,332462.0
2020-06-18,341186.0
2020-06-19,318395.0
2020-06-20,307672.0
2020-06-21,324608.0
2020-06-22,321800.0
2020-06-23,303366.0
2020-06-24,310548.0
2020-06-25,342525.0
2020-06-26,360994.0
2020-06-27,332825.0
2020-06-28,365848.0
2020-06-29,370714.0
2020-06-30,358748.0
2020-07-01,339982.0
2020-07-02,364362.0
2020-07-03,367175.0
2020-07-04,349920.0
2020-07-05,362174.0
2020-07-06,381785.0
2020-07-07,388341.0
2020-07-08,400333.0
2020-07-09,377750.0
2020-07-10,365197.0
2020-07-11,386636.0
2020-07-12,361238.0
2020-07-13,354947.0
2020-07-14,383783.0
2020-07-15,381706.0
2020-07-16,373763.0
2020-07-17,380439.0
2020-07-18,400670.0
2020-07-19,395427.0
2020-07-20,368944.0
2020-07-21,366398.0
2020-07-22,379115.0
2020-07-23,387048.0
2020-07-24,397990.0
2020-07-25,395737.0
2020-07-26,397222.0
2020-07-27,357955.0
2020-07-28,348919.0
2020-07-29,342686.0
2020-07-30,342746.0
2020-07-31,297600.0
2020-08-01,296331.0
2020-08-02,309490.0
2020-08-03,294726.0
2020-08-04,277182.0
2020-08-05,287216.0
2020-08-06,313423.0
2020-08-07,331661.0
2020-08-08,353442.0
2020-08-09,372196.0
2020-08-10,382321.0
2020-08-11,316197.0
2020-08-12,346348.0
2020-08-13,352206.0
2020-08-14,363272.0
2020-08-15,354117.0
2020-08-16,322284.0
2020-08-17,334687.0
2020-08-18,311171.0
2020-08-19,305161.0
2020-08-20,312518.0
2020-08-21,324734.0
2020-08-22,334174.0
2020-08-23,353587.0
2020-08-24,374881.0
2020-08-25,381118.0
2020-08-26,360070.0
2020-08-27,342397.0
2020-08-28,364537.0
2020-08-29,313408.0
2020-08-30,302984.0
2020-08-31,309140.0
2020-09-01,289451.0
2020-09-02,296560.0
2020-09-03,329173.0
2020-09-04,307270.0
2020-09-05,329218.0
2020-09-06,351046.0
2020-09-07,356223.0
2020-09-08,323866.0
2020-09-09,294568.0
2020-09-10,281502.0
2020-09-11,274650.0
2020-09-12,269374.0
2020-09-13,263368.0
2020-09-14,274690.0
2020-09-15,280749.0
2020-09-16,288674.0
2020-09-17,270766.0
2020-09-18,252708.0
2020-09-19,243891.0
2020-09-20,251078.0
2020-09-21,260357.0
2020-09-22,250280.0
2020-09-23,254002.0
2020-09-24,262200.0
2020-09-25,269293.0
2020-09-26,288139.0
2020-09-27,267351.0
2020-09-28,246229.0
2020-09-29,244019.0
2020-09-30,254646.0
2020-10-01,247037.0
2020-10-02,249295.0
2020-10-03,244199.0
2020-10-04,244098.0
2020-10-05,262557.0
2020-10-06,252139.0
2020-10-07,270063.0
2020-10-08,268122.0
2020-10-09,270296.0
2020-10-10,264609.0
2020-10-11,280429.0
2020-10-12,261066.0
2020-10-13,251817.0
2020-10-14,263433.0
2020-10-15,252812.0
2020-10-16,269551.0
2020-10-17,258906.0
2020-10-18,256112.0
2020-10-19,283518.0
2020-10-20,269034.0
2020-10-21,260858.0
2020-10-22,268631.0
2020-10-23,273303.0
2020-10-24,295652.0
2020-10-25,291094.0
2020-10-26,342068.0
2020-10-27,352682.0
2020-10-28,318637.0
2020-10-29,315557.0
2020-10-30,310371.0
2020-10-31,287044.0
2020-11-01,304565.0
2020-11-02,314345.0
2020-11-03,279899.0
2020-11-04,265032.0
2020-11-05,259657.0
2020-11-06,258027.0
2020-11-07,256912.0
2020-11-08,252154.0
2020-11-09,253934.0
2020-11-10,259602.0
2020-11-11,291966.0
2020-11-12,294325.0
2020-11-13,309757.0
2020-11-14,292694.0
2020-11-15,297006.0
2020-11-16,304317.0
2020-11-17,302720.0
2020-11-18,301039.0
2020-11-19,271485.0
2020-11-20,256456.0
2020-11-21,277022.0
2020-11-22,310644.0
2020-11-23,334993.0
2020-11-24,306434.0
2020-11-25,309046.0
2020-11-26,297930.0
2020-11-27,294320.0
2020-11-28,317600.0
2020-11-29,339737.0
2020-11-30,385139.0
2020-12-01,374343.0
2020-12-02,358361.0
2020-12-03,348198.0
2020-12-04,337170.0
2020-12-05,328995.0
2020-12-06,340657.0
2020-12-07,348316.0
2020-12-08,347246.0
2020-12-09,311012.0
2020-12-10,300021.0
2020-12-11,306453.0
2020-12-12,346730.0
2020-12-13,378300.0
2020-12-14,395347.0
2020-12-15,412057.0
2020-12-16,411416.0
2020-12-17,398970.0
2020-12-18,382837.0
2020-12-19,341946.0
2020-12-20,360052.0
2020-12-21,333678.0
2020-12-22,335960.0
2020-12-23,339315.0
2020-12-24,446260.0
2020-12-25,443106.0
2020-12-26,355164.0
2020-12-27,324917.0
2020-12-28,366020.0
2020-12-29,398165.0
2020-12-30,379856.0
2020-12-31,421019.0
2021-01-01,402826.0
2021-01-02,402148.0
2021-01-03,386792.0
2021-01-04,372165.0
2021-01-05,359800.0
2021-01-06,363888.0
2021-01-07,382741.0
2021-01-08,394893.0
2021-01-09,400735.0
2021-01-10,409214.0
2021-01-11,412300.0
2021-01-12,383240.0
2021-01-13,362344.0
2021-01-14,366840.0
2021-01-15,415913.0
2021-01-16,398942.0
2021-01-17,378296.0
2021-01-18,372867.0
2021-01-19,371029.0
2021-01-20,388687.0
2021-01-21,347642.0
2021-01-22,364563.0
2021-01-23,394233.0
2021-01-24,346604.0
2021-01-25,359665.0
2021-01-26,390150.0
2021-01-27,419795.0
2021-01-28,411747.0
2021-01-29,383336.0
2021-01-30,345885.0
2021-01-31,390402.0
2021-02-01,402411.0
2021-02-02,379066.0
2021-02-03,364969.0
2021-02-04,382738.0
2021-02-05,386900.0
2021-02-06,416399.0
2021-02-07,488520.0
2021-02-08,490015.0
2021-02-09,509303.0
2021-02-10,522456.0
2021-02-11,537481.0
2021-02-12,554990.0
2021-02-13,587069.0
2021-02-14,649594.0
2021-02-15,686102.0
2021-02-16,613389.0
2021-02-17,553528.0
2021-02-18,523175.0
2021-02-19,506598.0
2021-02-20,442040.0
2021-02-21,414934.0
2021-02-22,377236.0
2021-02-23,318161.0
2021-02-24,307110.0
2021-02-25,346945.0
2021-02-26,355507.0
2021-02-27,320828.0
2021-02-28,301055.0
2021-03-01,341034.0
2021-03-02,340436.0
2021-03-03,302062.0
2021-03-04,292292.0
2021-03-05,313145.0
2021-03-06,308608.0
2021-03-07,296398.0
2021-03-08,282737.0
2021-03-09,268894.0
2021-03-10,259319.0
2021-03-11,262910.0
2021-03-12,288249.0
2021-03-13,284331.0
2021-03-14,280780.0
2021-03-15,288295.0
2021-03-16,280234.0
2021-03-17,295218.0
2021-03-18,356739.0
2021-03-19,316664.0
2021-03-20,305818.0
2021-03-21,280055.0
2021-03-22,270630.0
2021-03-23,279084.0
2021-03-24,278009.0
2021-03-25,288778.0
2021-03-26,271773.0
2021-03-27,255669.0
2021-03-28,268639.0
2021-03-29,277067.0
2021-03-30,258708.0
2021-03-31,290369.0
2021-04-01,309738.0
2021-04-02,302793.0
2021-04-03,265092.0
2021-04-04,248020.0
2021-04-05,248177.0
2021-04-06,249679.0
2021-04-07,242804.0
2021-04-08,264322.0
2021-04-09,251534.0
2021-04-10,262898.0
2021-04-11,256961.0
2021-04-12,255579.0
2021-04-13,252719.0
2021-04-14,255919.0
2021-04-15,259925.0
2021-04-16,265758.0
2021-04-17,274952.0
2021-04-18,271972.0
2021-04-19,274971.0
2021-04-20,333420.0
2021-04-21,323317.0
2021-04-22,300774.0
2021-04-23,276402.0
2021-04-24,260650.0
2021-04-25,264990.0
2021-04-26,260116.0
2021-04-27,258167.0
2021-04-28,248812.0
2021-04-29,249301.0
2021-04-30,252483.0
2021-05-01,252870.0
2021-05-02,245323.0
2021-05-03,261748.0
2021-05-04,249746.0
2021-05-05,246098.0
2021-05-06,247129.0
2021-05-07,251757.0
2021-05-08,250198.0
2021-05-09,248433.0
2021-05-10,260414.0
2021-05-11,263675.0
2021-05-12,252967.0
2021-05-13,257686.0
2021-05-14,248744.0
2021-05-15,244276.0
2021-05-16,249721.0
2021-05-17,254319.0
2021-05-18,258897.0
2021-05-19,258683.0
2021-05-20,265698.0
2021-05-21,270647.0
2021-05-22,267374.0
2021-05-23,279104.0
2021-05-24,291358.0
2021-05-25,280860.0
2021-05-26,299284.0
2021-05-27,282599.0
2021-05-28,255600.0
2021-05-29,246197.0
2021-05-30,246906.0
2021-05-31,245757.0
2021-06-01,246177.0
2021-06-02,253551.0
2021-06-03,274180.0
2021-06-04,293132.0
2021-06-05,296566.0
2021-06-06,296804.0
2021-06-07,300783.0
2021-06-08,308189.0
2021-06-09,341604.0
2021-06-10,365284.0
2021-06-11,368810.0
2021-06-12,369878.0
2021-06-13,349235.0
2021-06-14,357699.0
2021-06-15,356943.0
2021-06-16,369298.0
2021-06-17,400256.0
2021-06-18,412990.0
2021-06-19,385425.0
2021-06-20,375971.0
2021-06-21,289914.0
2021-06-22,289531.0
2021-06-23,316723.0
2021-06-24,349543.0
2021-06-25,371527.0
2021-06-26,339428.0
2021-06-27,328376.0
2021-06-28,335441.0
2021-06-29,347897.0
2021-06-30,335632.0
2021-07-01,317778.0
2021-07-02,322067.0
2021-07-03,326435.0
2021-07-04,334083.0
2021-07-05,345342.0
2021-07-06,360745.0
2021-07-07,361944.0
2021-07-08,359014.0
2021-07-09,370891.0
2021-07-10,322717.0
2021-07-11,291991.0
2021-07-12,294537.0
2021-07-13,327486.0
2021-07-14,358461.0
2021-07-15,349059.0
2021-07-16,332057.0
2021-07-17,333629.0
2021-07-18,326166.0
2021-07-19,332255.0
2021-07-20,331001.0
2021-07-21,338445.0
2021-07-22,360311.0
2021-07-23,387548.0
2021-07-24,404400.0
2021-07-25,376016.0
2021-07-26,387816.0
2021-07-27,397351.0
2021-07-28,415594.0
2021-07-29,426966.0
2021-07-30,408073.0
2021-07-31,370132.0
2021-08-01,327511.0
2021-08-02,317364.0
2021-08-03,310413.0
2021-08-04,313799.0
2021-08-05,312211.0
2021-08-06,345639.0
2021-08-07,372038.0
2021-08-08,356148.0
2021-08-09,402337.0
2021-08-10,410947.0
2021-08-11,420084.0
2021-08-12,403715.0
2021-08-13,337300.0
2021-08-14,326159.0
2021-08-15,325801.0
2021-08-16,335319.0
2021-08-17,332969.0
2021-08-18,336208.0
2021-08-19,355617.0
2021-08-20,372333.0
2021-08-21,350258.0
2021-08-22,363072.0
2021-08-23,394777.0
2021-08-24,404720.0
2021-08-25,408820.0
2021-08-26,409451.0
2021-08-27,402501.0
2021-08-28,388269.0
2021-08-29,365864.0
2021-08-30,360802.0
2021-08-31,349828.0
2021-09-01,349922.0
2021-09-02,344377.0
2021-09-03,336236.0
2021-09-04,333067.0
2021-09-05,315308.0
2021-09-06,325775.0
2021-09-07,344341.0
2021-09-08,314045.0
2021-09-09,294872.0
2021-09-10,318543.0
2021-09-11,327504.0
2021-09-12,328103.0
2021-09-13,343471.0
2021-09-14,346258.0
2021-09-15,323794.0
2021-09-16,333698.0
2021-09-17,333609.0
2021-09-18,336958.0
2021-09-19,334412.0
2021-09-20,356118.0
2021-09-21,269584.0
2021-09-22,249405.0
2021-09-23,254718.0
2021-09-24,261072.0
2021-09-25,258760.0
2021-09-26,287587.0
2021-09-27,312100.0
2021-09-28,321544.0
2021-09-29,312862.0
2021-09-30,295672.0
2021-10-01,281579.0
2021-10-02,272720.0
2021-10-03,262811.0
2021-10-04,266191.0
2021-10-05,256130.0
2021-10-06,260343.0
2021-10-07,267553.0
2021-10-08,288471.0
2021-10-09,300434.0
2021-10-10,305554.0
2021-10-11,260799.0
2021-10-12,257659.0
2021-10-13,273191.0
2021-10-14,259783.0
2021-10-15,257781.0
2021-10-16,253637.0
2021-10-17,255649.0
2021-10-18,257997.0
2021-10-19,259181.0
2021-10-20,255631.0
2021-10-21,253503.0
2021-10-22,256001.0
2021-10-23,259241.0
2021-10-24,265008.0
2021-10-25,257260.0
2021-10-26,268543.0
2021-10-27,260359.0
2021-10-28,277231.0
2021-10-29,288229.0
2021-10-30,267341.0
2021-10-31,278024.0
2021-11-01,313411.0
2021-11-02,309443.0
2021-11-03,315209.0
2021-11-04,319459.0
2021-11-05,320039.0
2021-11-06,304113.0
2021-11-07,296779.0
2021-11-08,273652.0
2021-11-09,261792.0
2021-11-10,258361.0
2021-11-11,281214.0
2021-11-12,334778.0
2021-11-13,337687.0
2021-11-14,315067.0
2021-11-15,302925.0
2021-11-16,280874.0
2021-11-17,278579.0
2021-11-18,331391.0
2021-11-19,361829.0
2021-11-20,298579.0
2021-11-21,293033.0
2021-11-22,336515.0
2021-11-23,334713.0
2021-11-24,306534.0
2021-11-25,330454.0
2021-11-26,357490.0
2021-11-27,316509.0
2021-11-28,314300.0
2021-11-29,325253.0
2021-11-30,297206.0
2021-12-01,288018.0
2021-12-02,277737.0
2021-12-03,273003.0
2021-12-04,287518.0
2021-12-05,283242.0
2021-12-06,344590.0
2021-12-07,390583.0
2021-12-08,355557.0
2021-12-09,307609.0
2021-12-10,286716.0
2021-12-11,341445.0
2021-12-12,357455.0
2021-12-13,327602.0
2021-12-14,296040.0
2021-12-15,263761.0
2021-12-16,289108.0
2021-12-17,339826.0
2021-12-18,355707.0
2021-12-19,392567.0
2021-12-20,390490.0
2021-12-21,371551.0
2021-12-22,370309.0
2021-12-23,327778.0
2021-12-24,277304.0
2021-12-25,258203.0
2021-12-26,294969.0
2021-12-27,283815.0
2021-12-28,305368.0
2021-12-29,345341.0
2021-12-30,329378.0
2021-12-31,296257.0
2022-01-01,377741.0
2022-01-02,493408.0
2022-01-03,459103.0
2022-01-04,420467.0
2022-01-05,427690.0
2022-01-06,509265.0
2022-01-07,501556.0
2022-01-08,426398.0
2022-01-09,400250.0
2022-01-10,433294.0
2022-01-11,394797.0
2022-01-12,351214.0
2022-01-13,336391.0
2022-01-14,361906.0
2022-01-15,432791.0
2022-01-16,446790.0
2022-01-17,405418.0
2022-01-18,371427.0
2022-01-19,437976.0
2022-01-20,534719.0
2022-01-21,527521.0
2022-01-22,446351.0
2022-01-23,393504.0
2022-01-24,376940.0
2022-01-25,456689.0
2022-01-26,479826.0
2022-01-27,421479.0
2022-01-28,449676.0
2022-01-29,422787.0
2022-01-30,378952.0
2022-01-31,370190.0
2022-02-01,338745.0
2022-02-02,483846.0
2022-02-03,545525.0
2022-02-04,495398.0
2022-02-05,463780.0
2022-02-06,409090.0
2022-02-07,397770.0
2022-02-08,365559.0
2022-02-09,350491.0
2022-02-10,356440.0
2022-02-11,352622.0
2022-02-12,425585.0
2022-02-13,423158.0
2022-02-14,382124.0
2022-02-15,343264.0
2022-02-16,300293.0
2022-02-17,422001.0
2022-02-18,451133.0
2022-02-19,380799.0
2022-02-20,334915.0
2022-02-21,306528.0
2022-02-22,374442.0
2022-02-23,523094.0
2022-02-24,495154.0
2022-02-25,483681.0
2022-02-26,435598.0
2022-02-27,388470.0
2022-02-28,353078.0
2022-03-01,303668.0
2022-03-02,282091.0
2022-03-03,282582.0
2022-03-04,290846.0
2022-03-05,264541.0
2022-03-06,305130.0
2022-03-07,392051.0
2022-03-08,385764.0
2022-03-09,353282.0
2022-03-10,375277.0
2022-03-11,453283.0
2022-03-12,438969.0
2022-03-13,324641.0
2022-03-14,309344.0
2022-03-15,275259.0
2022-03-16,278553.0
2022-03-17,264767.0
2022-03-18,303596.0
2022-03-19,299755.0
2022-03-20,285041.0
2022-03-21,277763.0
2022-03-22,290508.0
2022-03-23,345678.0
2022-03-24,345073.0
2022-03-25,322728.0
2022-03-26,311653.0
2022-03-27,308187.0
2022-03-28,311120.0
2022-03-29,291888.0
2022-03-30,288978.0
2022-03-31,362653.0
2022-04-01,320738.0
2022-04-02,280341.0
2022-04-03,280379.0
2022-04-04,264791.0
2022-04-05,268883.0
2022-04-06,271995.0
2022-04-07,319197.0
2022-04-08,356300.0
2022-04-09,305629.0
2022-04-10,276276.0
2022-04-11,258625.0
2022-04-12,272969.0
2022-04-13,272059.0
2022-04-14,301159.0
2022-04-15,283853.0
2022-04-16,279337.0
2022-04-17,306226.0
2022-04-18,310949.0
2022-04-19,305768.0
2022-04-20,295745.0
2022-04-21,262919.0
2022-04-22,272938.0
2022-04-23,268720.0
2022-04-24,251883.0
2022-04-25,257836.0
2022-04-26,266367.0
2022-04-27,264892.0
2022-04-28,253562.0
2022-04-29,265409.0
2022-04-30,254993.0
2022-05-01,250843.0
2022-05-02,261571.0
2022-05-03,258579.0
2022-05-04,266874.0
2022-05-05,260715.0
2022-05-06,255094.0
2022-05-07,257045.0
2022-05-08,264470.0
2022-05-09,315734.0
2022-05-10,343642.0
2022-05-11,351471.0
2022-05-12,352580.0
2022-05-13,321209.0
2022-05-14,319857.0
2022-05-15,280407.0
2022-05-16,282652.0
2022-05-17,284775.0
2022-05-18,307604.0
2022-05-19,305962.0
2022-05-20,321551.0
2022-05-21,249048.0
2022-05-22,241259.0
2022-05-23,250622.0
2022-05-24,255265.0
2022-05-25,260079.0
2022-05-26,251956.0
2022-05-27,265138.0
2022-05-28,277127.0
2022-05-29,314614.0
2022-05-30,330464.0
2022-05-31,331833.0
2022-06-01,296031.0
2022-06-02,277366.0
2022-06-03,280516.0
2022-06-04,282070.0
2022-06-05,285979.0
2022-06-06,302513.0
2022-06-07,319312.0
2022-06-08,291554.0
2022-06-09,298468.0
2022-06-10,307109.0
2022-06-11,347469.0
2022-06-12,399781.0
2022-06-13,430840.0
2022-06-14,422287.0
2022-06-15,404616.0
2022-06-16,421653.0
2022-06-17,406820.0
2022-06-18,398958.0
2022-06-19,359641.0
2022-06-20,371490.0
2022-06-21,407622.0
2022-06-22,397054.0
2022-06-23,378841.0
2022-06-24,386136.0
2022-06-25,425404.0
2022-06-26,346858.0
2022-06-27,316634.0
2022-06-28,329557.0
2022-06-29,357852.0
2022-06-30,372943.0
2022-07-01,405249.0
2022-07-02,367169.0
2022-07-03,390112.0
2022-07-04,441513.0
2022-07-05,459303.0
2022-07-06,442603.0
2022-07-07,438964.0
2022-07-08,434682.0
2022-07-09,371827.0
2022-07-10,382755.0
2022-07-11,425296.0
2022-07-12,385948.0
2022-07-13,385941.0
2022-07-14,417063.0
2022-07-15,415431.0
2022-07-16,411036.0
2022-07-17,383696.0
2022-07-18,396451.0
2022-07-19,425098.0
2022-07-20,446213.0
2022-07-21,421173.0
2022-07-22,432602.0
2022-07-23,449965.0
2022-07-24,451956.0
2022-07-25,394773.0
2022-07-26,400806.0
2022-07-27,401144.0
2022-07-28,366957.0
2022-07-29,334483.0
2022-07-30,310681.0
2022-07-31,347709.0
2022-08-01,404898.0
2022-08-02,424787.0
2022-08-03,426045.0
2022-08-04,387915.0
2022-08-05,411937.0
2022-08-06,427462.0
2022-08-07,421086.0
2022-08-08,401707.0
2022-08-09,354534.0
2022-08-10,360326.0
2022-08-11,361337.0
2022-08-12,363121.0
2022-08-13,373860.0
2022-08-14,374391.0
2022-08-15,372900.0
2022-08-16,331752.0
2022-08-17,309825.0
2022-08-18,319318.0
2022-08-19,336312.0
2022-08-20,344524.0
2022-08-21,323591.0
2022-08-22,333674.0
2022-08-24,346425.0
2022-08-25,355917.0
2022-08-26,365481.0
2022-08-27,379923.0
2022-08-28,367723.0
2022-08-29,358412.0
2022-08-30,347219.0
2022-08-31,339830.0
2022-09-01,334970.0
2022-09-02,320796.0
2022-09-03,325479.0
2022-09-04,323105.0
2022-09-05,314497.0
2022-09-06,313209.0
2022-09-07,322337.0
2022-09-08,322968.0
2022-09-09,319308.0
2022-09-10,317023.0
2022-09-11,274728.0
2022-09-12,270785.0
2022-09-13,293894.0
2022-09-14,313695.0
2022-09-15,310052.0
2022-09-16,312340.0
2022-09-17,332864.0
2022-09-18,352836.0
2022-09-19,385695.0
2022-09-20,388613.0
2022-09-21,375947.0
2022-09-22,273578.0
2022-09-23,269701.0
2022-09-24,295842.0
2022-09-25,290723.0
2022-09-26,266613.0
2022-09-27,266760.0
2022-09-28,264841.0
2022-09-29,266261.0
2022-09-30,267923.0
2022-10-01,258042.0
2022-10-02,265804.0
2022-10-03,273369.0
2022-10-04,266455.0
2022-10-05,266123.0
2022-10-06,270713.0
2022-10-07,251107.0
2022-10-08,252641.0
2022-10-09,257831.0
2022-10-10,264538.0
2022-10-11,269905.0
2022-10-12,267519.0
2022-10-13,261231.0
2022-10-14,270564.0
2022-10-15,264934.0
2022-10-16,261632.0
2022-10-17,296738.0
2022-10-18,334288.0
2022-10-19,333346.0
2022-10-20,298780.0
2022-10-21,273155.0
2022-10-22,262048.0
2022-10-23,279678.0
2022-10-24,264418.0
2022-10-25,271118.0
2022-10-26,280599.0
2022-10-27,289118.0
2022-10-28,272965.0
2022-10-29,261753.0
2022-10-30,256759.0
2022-10-31,252801.0
2022-11-01,269770.0
2022-11-02,268261.0
2022-11-03,265180.0
2022-11-04,253388.0
2022-11-05,267401.0
2022-11-06,276732.0
2022-11-07,267845.0
2022-11-08,269312.0
2022-11-09,265780.0
2022-11-10,263877.0
2022-11-11,330661.0
2022-11-12,382774.0
2022-11-13,374278.0
2022-11-14,381322.0
2022-11-15,382132.0
2022-11-16,413541.0
2022-11-17,415817.0
2022-11-18,430460.0
2022-11-19,434193.0
2022-11-20,422162.0
2022-11-21,370567.0
2022-11-22,345401.0
2022-11-23,340051.0
2022-11-24,308457.0
2022-11-25,309636.0
2022-11-26,347292.0
2022-11-27,329881.0
2022-11-28,338737.0
2022-11-29,317352.0
2022-11-30,408570.0
2022-12-01,404519.0
2022-12-02,335866.0
2022-12-03,372667.0
2022-12-04,385614.0
2022-12-05,339360.0
2022-12-06,323090.0
2022-12-07,321404.0
2022-12-08,317078.0
2022-12-09,316341.0
2022-12-10,335082.0
2022-12-11,346360.0
2022-12-12,368967.0
2022-12-13,350835.0
2022-12-14,356638.0
2022-12-15,421035.0
2022-12-16,438296.0
2022-12-17,446632.0
2022-12-18,427474.0
2022-12-19,411957.0
2022-12-20,406342.0
2022-12-21,428974.0
2022-12-22,596062.0
2022-12-23,704660.0
2022-12-24,601309.0
2022-12-25,528456.0
2022-12-26,496352.0
2022-12-27,511690.0
2022-12-28,397479.0
2022-12-29,302042.0
2022-12-30,326362.0
2022-12-31,339937.0
2023-01-01,297184.0
2023-01-02,288967.0
2023-01-03,297921.0
2023-01-04,367910.0
2023-01-05,388787.0
2023-01-06,371907.0
2023-01-07,351870.0
2023-01-08,380611.0
2023-01-09,372416.0
2023-01-10,330528.0
2023-01-11,312392.0
2023-01-12,400230.0
2023-01-13,433359.0
2023-01-14,423153.0
2023-01-15,365315.0
2023-01-16,305816.0
2023-01-17,317063.0
2023-01-18,337542.0
2023-01-19,387302.0
2023-01-20,390178.0
2023-01-21,386459.0
2023-01-22,383807.0
2023-01-23,387921.0
2023-01-24,411912.0
2023-01-25,416262.0
2023-01-26,434583.0
2023-01-27,389410.0
2023-01-28,357384.0
2023-01-29,443725.0
2023-01-30,518859.0
2023-01-31,513934.0
2023-02-01,484307.0
2023-02-02,434958.0
2023-02-03,452063.0
2023-02-04,403634.0
2023-02-05,341091.0
2023-02-06,335478.0
2023-02-07,326031.0
2023-02-08,364581.0
2023-02-09,367204.0
2023-02-10,391185.0
2023-02-11,393592.0
2023-02-12,354972.0
2023-02-13,320076.0
2023-02-14,327076.0
2023-02-15,315931.0
2023-02-16,403024.0
2023-02-17,409063.0
2023-02-18,378182.0
2023-02-19,324229.0
2023-02-20,303209.0
2023-02-21,311486.0
2023-02-22,281275.0
2023-02-23,351743.0
2023-02-24,403310.0
2023-02-25,338511.0
2023-02-26,317927.0
2023-02-27,286345.0
2023-02-28,291054.0
2023-03-01,294563.0
2023-03-02,323981.0
2023-03-03,338595.0
2023-03-04,312121.0
2023-03-05,294050.0
2023-03-06,273891.0
2023-03-07,305958.0
2023-03-08,321993.0
2023-03-09,328612.0
2023-03-10,336619.0
2023-03-11,357861.0
2023-03-12,342519.0
2023-03-13,398244.0
2023-03-14,370091.0
2023-03-15,349221.0
2023-03-16,325761.0
2023-03-17,382441.0
2023-03-18,431292.0
2023-03-19,408233.0
2023-03-20,366190.0
2023-03-21,354125.0
2023-03-22,290098.0
2023-03-23,270584.0
2023-03-24,316353.0
2023-03-25,290104.0
2023-03-26,287264.0
2023-03-27,305467.0
2023-03-28,323606.0
2023-03-29,315054.0
2023-03-30,294223.0
2023-03-31,261115.0
2023-04-01,275830.0
2023-04-02,279403.0
2023-04-03,259918.0
2023-04-04,273645.0
2023-04-05,263604.0
2023-04-06,288472.0
2023-04-07,293711.0
2023-04-08,279518.0
2023-04-09,260559.0
2023-04-10,253615.0
2023-04-11,255703.0
2023-04-12,260539.0
2023-04-13,260215.0
2023-04-14,263324.0
2023-04-15,253958.0
2023-04-16,279146.0
2023-04-17,275595.0
2023-04-18,266427.0
2023-04-19,257064.0
2023-04-20,253964.0
2023-04-21,253259.0
2023-04-22,288847.0
2023-04-23,280153.0
2023-04-24,277484.0
2023-04-25,262590.0
2023-04-26,261471.0
2023-04-27,258094.0
2023-04-28,252430.0
2023-04-29,247420.0
2023-04-30,270313.0
2023-05-01,274286.0
2023-05-02,264737.0
2023-05-03,255568.0
2023-05-04,259192.0
2023-05-05,250830.0
2023-05-06,275795.0
2023-05-07,302298.0
2023-05-08,303322.0
2023-05-09,292936.0
2023-05-10,288456.0
2023-05-11,273214.0
2023-05-12,290223.0
2023-05-13,299688.0
2023-05-14,302613.0
2023-05-15,277612.0
2023-05-16,251223.0
2023-05-17,264023.0
2023-05-18,276480.0
2023-05-19,256175.0
2023-05-20,238241.0
2023-05-21,254575.0
2023-05-22,273278.0
2023-05-23,279859.0
2023-05-24,294688.0
2023-05-25,296530.0
2023-05-26,280858.0
2023-05-27,278766.0
2023-05-28,283200.0
2023-05-29,297549.0
2023-05-30,316961.0
2023-05-31,323742.0
2023-06-01,332405.0
2023-06-02,336157.0
2023-06-03,323006.0
2023-06-04,318942.0
2023-06-05,328123.0
2023-06-06,320102.0
2023-06-07,324549.0
2023-06-08,309876.0
2023-06-09,309314.0
2023-06-10,290253.0
2023-06-11,288295.0
2023-06-12,270226.0
2023-06-13,290254.0
2023-06-14,306202.0
2023-06-15,333261.0
2023-06-16,322324.0
2023-06-17,330018.0
2023-06-18,286939.0
2023-06-19,341455.0
2023-06-20,359102.0
2023-06-21,352740.0
2023-06-22,357502.0
2023-06-23,363672.0
2023-06-24,390825.0
2023-06-25,401130.0
2023-06-26,356680.0
2023-06-27,340721.0
2023-06-28,396042.0
2023-06-29,439039.0
2023-06-30,439549.0
2023-07-01,378430.0
2023-07-02,351073.0
2023-07-03,366918.0
2023-07-04,392906.0
2023-07-05,365387.0
2023-07-06,339749.0
2023-07-07,337279.0
2023-07-08,327177.0
2023-07-09,316380.0
2023-07-10,349670.0
2023-07-11,371017.0
2023-07-12,403651.0
2023-07-13,406276.0
2023-07-14,388635.0
2023-07-15,358963.0
2023-07-16,355686.0
2023-07-17,355601.0
2023-07-18,348414.0
2023-07-19,389173.0
2023-07-20,391200.0
2023-07-21,314192.0
2023-07-22,325904.0
2023-07-23,357427.0
2023-07-24,371780.0
2023-07-25,405265.0
2023-07-26,428232.0
2023-07-27,445296.0
2023-07-28,449634.0
2023-07-29,406528.0
2023-07-30,390616.0
2023-07-31,366996.0
2023-08-01,376731.0
2023-08-02,392013.0
2023-08-03,397530.0
2023-08-04,394886.0
2023-08-05,352899.0
2023-08-06,351079.0
2023-08-07,327038.0
2023-08-08,338434.0
2023-08-09,308611.0
2023-08-10,349782.0
2023-08-11,399665.0
2023-08-12,363731.0
2023-08-13,332313.0
2023-08-14,321859.0
2023-08-15,287668.0
2023-08-16,310190.0
2023-08-17,327466.0
2023-08-18,331521.0
2023-08-19,378609.0
2023-08-20,428133.0
2023-08-21,444619.0
2023-08-22,450022.0
2023-08-23,444495.0
2023-08-24,448804.0
2023-08-25,447915.0
2023-08-26,376633.0
2023-08-27,321126.0
2023-08-28,315612.0
2023-08-29,326775.0
2023-08-30,323342.0
2023-08-31,310815.0
2023-09-01,316192.0
2023-09-02,336732.0
2023-09-03,366446.0
2023-09-04,382221.0
2023-09-05,370372.0
2023-09-06,318934.0
2023-09-07,301554.0
2023-09-08,293915.0
2023-09-09,281908.0
2023-09-10,287931.0
2023-09-11,270922.0
2023-09-12,264551.0
2023-09-13,264320.0
2023-09-14,270246.0
2023-09-15,266727.0
2023-09-16,262239.0
2023-09-17,261102.0
2023-09-18,278541.0
2023-09-19,278554.0
2023-09-20,275534.0
2023-09-21,300123.0
2023-09-22,282034.0
2023-09-23,295386.0
2023-09-24,291751.0
2023-09-25,302343.0
2023-09-26,302339.0
2023-09-27,298841.0
2023-09-29,328258.0
2023-09-30,331407.0
2023-10-01,318169.0
2023-10-02,312516.0
2023-10-03,298017.0
2023-10-04,270518.0
2023-10-05,267551.0
2023-10-06,244305.0
2023-10-07,239799.0
2023-10-08,246120.0
2023-10-09,245187.0
2023-10-10,248862.0
2023-10-11,260622.0
2023-10-12,256798.0
2023-10-13,245987.0
2023-10-14,241901.0
2023-10-15,250517.0
2023-10-16,261639.0
2023-10-17,261634.0
2023-10-18,254239.0
2023-10-19,243139.0
2023-10-20,245660.0
2023-10-21,247587.0
2023-10-22,248476.0
2023-10-23,258261.0
2023-10-24,248479.0
2023-10-25,248237.0
2023-10-26,253923.0
2023-10-27,260470.0
2023-10-28,278598.0
2023-10-29,318225.0
2023-10-30,347688.0
2023-10-31,378656.0
2023-11-01,370618.0
2023-11-02,321620.0
2023-11-03,286236.0
2023-11-04,255988.0
2023-11-05,269679.0
2023-11-06,252289.0
2023-11-07,258670.0
2023-11-08,260242.0
2023-11-09,266584.0
2023-11-10,283480.0
2023-11-11,305711.0
2023-11-12,285252.0
2023-11-13,278971.0
2023-11-14,295656.0
2023-11-15,278343.0
2023-11-16,276266.0
2023-11-17,262107.0
2023-11-18,287139.0
2023-11-19,296807.0
2023-11-20,305278.0
2023-11-21,328297.0
2023-11-22,342239.0
2023-11-23,327523.0
2023-11-24,336036.0
2023-11-25,342260.0
2023-11-26,373979.0
2023-11-27,387793.0
2023-11-28,384239.0
2023-11-29,339970.0
2023-11-30,329207.0
2023-12-01,321790.0
2023-12-02,333499.0
2023-12-03,322605.0
2023-12-04,334384.0
2023-12-05,347992.0
2023-12-06,358792.0
2023-12-07,313010.0
2023-12-08,286946.0
2023-12-09,312572.0
2023-12-10,361146.0
2023-12-11,360238.0
2023-12-12,350187.0
2023-12-13,339235.0
2023-12-14,336802.0
2023-12-15,310472.0
2023-12-16,317147.0
2023-12-17,336985.0
2023-12-18,381622.0
2023-12-19,404673.0
2023-12-20,339883.0
2023-12-21,312641.0
2023-12-22,291360.0
2023-12-23,275124.0
2023-12-24,282772.0
2023-12-25,326801.0
2023-12-26,363681.0
2023-12-27,381315.0
2023-12-28,389633.0
2023-12-29,400443.0
2023-12-30,373857.0
2023-12-31,390440.0
2024-01-01,395807.0
2024-01-02,407640.0
2024-01-03,393109.0
2024-01-04,389919.0
2024-01-05,401859.0
2024-01-06,387386.0
2024-01-07,373452.0
2024-01-08,411404.0
2024-01-09,428670.0
2024-01-10,406963.0
2024-01-11,380034.0
2024-01-12,476292.0
2024-01-13,566590.0
2024-01-14,685717.0
2024-01-15,672562.0
2024-01-16,645161.0
2024-01-17,544412.0
2024-01-18,455693.0
2024-01-19,577093.0
2024-01-20,591469.0
2024-01-21,550051.0
2024-01-22,467906.0
2024-01-23,403161.0
2024-01-24,361104.0
2024-01-25,361527.0
2024-01-26,354540.0
2024-01-27,369800.0
2024-01-28,362335.0
2024-01-29,340758.0
2024-01-30,314053.0
2024-01-31,318415.0
2024-02-01,282822.0
2024-02-02,265895.0
2024-02-03,272724.0
2024-02-04,297743.0
2024-02-05,303722.0
2024-02-06,310434.0
2024-02-07,297527.0
2024-02-08,265062.0
2024-02-09,247601.0
2024-02-10,293349.0
2024-02-11,334107.0
2024-02-12,341569.0
2024-02-13,311488.0
2024-02-14,285810.0
2024-02-15,275986.0
2024-02-16,365301.0
2024-02-17,411047.0
2024-02-18,360893.0
2024-02-19,332823.0
2024-02-20,281889.0
2024-02-21,247035.0
2024-02-22,230978.0
2024-02-23,260045.0
2024-02-24,268065.0
2024-02-25,242358.0
2024-02-26,236694.0
2024-02-27,232293.0
2024-02-28,327587.0
2024-02-29,341869.0
2024-03-01,305848.0
2024-03-02,268197.0
2024-03-03,231461.0
2024-03-04,223391.0
2024-03-05,231307.0
2024-03-06,239516.0
2024-03-07,255600.0
2024-03-08,263102.0
2024-03-09,284713.0
2024-03-10,271967.0
2024-03-11,266032.0
2024-03-12,232619.0
2024-03-13,220256.0
2024-03-14,223129.0
2024-03-15,222505.0
2024-03-16,240179.0
2024-03-17,255928.0
2024-03-18,321641.0
2024-03-19,291055.0
2024-03-20,244383.0
2024-03-21,250645.0
2024-03-22,254020.0
2024-03-23,272825.0
2024-03-24,264593.0
2024-03-25,250308.0
2024-03-26,321991.0
2024-03-27,292984.0
2024-03-28,263925.0
2024-03-29,233121.0
2024-03-30,214366.0
2024-03-31,212301.0
2024-04-01,223176.0
2024-04-02,249241.0
2024-04-03,291562.0
2024-04-04,272987.0
2024-04-05,253899.0
2024-04-06,242666.0
2024-04-07,223876.0
2024-04-08,223974.0
2024-04-09,214051.0
2024-04-10,222298.0
2024-04-11,231061.0
2024-04-12,225776.0
2024-04-13,231255.0
2024-04-14,237399.0
2024-04-15,250020.0
2024-04-16,242313.0
2024-04-17,237993.0
2024-04-18,235526.0
2024-04-19,215246.0
2024-04-20,222084.0
2024-04-21,227745.0
2024-04-22,246402.0
2024-04-23,221591.0
2024-04-24,214635.0
2024-04-25,233698.0
2024-04-26,236741.0
2024-04-27,218367.0
2024-04-28,211528.0
2024-04-29,224659.0
2024-04-30,238449.0
2024-05-01,237527.0
2024-05-02,230413.0
2024-05-03,223508.0
2024-05-04,234874.0
2024-05-05,208610.0
2024-05-06,236213.0
2024-05-07,247406.0
2024-05-08,238105.0
2024-05-09,229155.0
2024-05-10,216139.0
2024-05-11,217716.0
2024-05-12,225584.0
2024-05-13,222534.0
2024-05-14,225473.0
2024-05-15,228213.0
2024-05-16,225370.0
2024-05-17,248751.0
2024-05-18,275432.0
2024-05-19,291266.0
2024-05-20,289860.0
2024-05-21,298674.0
2024-05-22,238855.0
2024-05-23,272415.0
2024-05-24,287542.0
2024-05-25,272915.0
2024-05-26,272204.0
2024-05-27,265032.0
2024-05-28,256595.0
2024-05-29,253122.0
2024-05-30,254064.0
2024-05-31,231509.0
2024-06-01,243781.0
2024-06-02,274890.0
2024-06-03,276866.0
2024-06-04,290675.0
2024-06-05,284179.0
2024-06-06,284636.0
2024-06-07,289595.0
2024-06-08,307936.0
2024-06-09,258041.0
2024-06-10,261053.0
2024-06-11,274295.0
2024-06-12,310448.0
2024-06-13,340784.0
2024-06-14,341745.0
2024-06-15,341124.0
2024-06-16,359115.0
2024-06-17,369169.0
2024-06-18,349061.0
2024-06-19,336747.0
2024-06-20,347455.0
2024-06-21,361663.0
2024-06-22,366454.0
2024-06-23,375970.0
2024-06-24,401734.0
2024-06-25,404094.0
2024-06-26,319963.0
2024-06-27,329956.0
2024-06-28,338467.0
2024-06-29,366030.0
2024-06-30,313057.0
2024-07-01,317714.0
2024-07-02,369600.0
2024-07-03,367856.0
2024-07-04,370071.0
2024-07-05,316932.0
2024-07-06,318492.0
2024-07-07,309484.0
2024-07-08,302309.0
2024-07-09,270278.0
2024-07-10,310883.0
2024-07-11,331763.0
2024-07-12,338863.0
2024-07-13,343127.0
2024-07-14,377409.0
2024-07-15,405551.0
2024-07-16,350936.0
2024-07-17,316886.0
2024-07-18,292269.0
2024-07-19,284552.0
2024-07-20,270018.0
2024-07-21,270651.0
2024-07-22,300546.0
2024-07-23,323004.0
2024-07-24,341699.0
2024-07-25,355490.0
2024-07-26,342855.0
2024-07-27,315686.0
2024-07-28,333509.0
2024-07-29,385670.0
2024-07-30,400414.0
2024-07-31,409209.0
2024-08-01,400042.0
2024-08-02,359995.0
2024-08-03,351959.0
2024-08-04,369965.0
2024-08-05,388907.0
2024-08-06,368247.0
2024-08-07,315585.0
2024-08-08,311416.0
2024-08-09,289672.0
2024-08-10,252590.0
2024-08-11,262096.0
2024-08-12,287411.0
2024-08-13,293585.0
2024-08-14,329164.0
2024-08-15,366672.0
2024-08-16,368788.0
2024-08-17,340083.0
2024-08-18,334354.0
2024-08-19,314585.0
2024-08-20,280149.0
2024-08-21,274170.0
2024-08-22,267963.0
2024-08-23,300987.0
2024-08-24,317991.0
2024-08-25,359591.0
2024-08-26,380959.0
2024-08-27,387429.0
2024-08-28,369661.0
2024-08-29,378893.0
2024-08-30,336207.0
2024-08-31,312741.0
2024-09-01,311788.0
2024-09-02,272748.0
2024-09-03,257167.0
2024-09-04,289028.0
2024-09-05,311847.0
2024-09-06,281460.0
2024-09-07,229763.0
2024-09-08,232269.0
2024-09-09,240907.0
2024-09-10,251479.0
2024-09-11,282945.0
2024-09-12,263142.0
2024-09-13,250802.0
2024-09-14,279753.0
2024-09-15,289403.0
2024-09-16,286346.0
2024-09-17,295276.0
2024-09-18,306743.0
2024-09-19,323304.0
2024-09-20,341568.0
2024-09-21,321964.0
2024-09-22,288115.0
2024-09-23,238820.0
2024-09-24,228853.0
2024-09-25,236843.0
2024-09-26,236522.0
2024-09-27,217795.0
2024-09-28,224008.0
2024-09-29,244910.0
2024-09-30,266219.0
2024-10-01,233935.0
2024-10-02,228774.0
2024-10-03,255210.0
2024-10-04,265333.0
2024-10-05,273741.0
2024-10-06,260855.0
2024-10-07,222746.0
2024-10-08,221274.0
2024-10-09,229102.0
2024-10-10,235366.0
2024-10-11,247497.0
2024-10-12,250889.0
2024-10-13,236600.0
2024-10-14,222195.0
2024-10-15,229919.0
2024-10-16,248128.0
2024-10-17,251503.0
2024-10-18,242233.0
2024-10-19,223184.0
2024-10-20,227427.0
2024-10-21,233744.0
2024-10-22,235176.0
2024-10-23,230432.0
2024-10-24,237109.0
2024-10-25,229266.0
2024-10-26,213653.0
2024-10-27,227265.0
2024-10-28,245499.0
2024-10-29,253689.0
2024-10-30,245860.0
2024-10-31,211958.0
2024-11-01,228120.0
2024-11-02,228854.0
2024-11-03,220767.0
2024-11-04,217389.0
2024-11-05,213589.0
2024-11-06,227128.0
2024-11-07,234337.0
2024-11-08,236632.0
2024-11-09,235633.0
2024-11-10,223277.0
2024-11-11,236274.0
2024-11-12,245038.0
2024-11-13,247670.0
2024-11-14,248924.0
2024-11-15,262088.0
2024-11-16,255778.0
2024-11-17,230626.0
2024-11-18,230213.0
2024-11-19,233205.0
2024-11-20,276699.0
2024-11-21,311794.0
2024-11-22,307721.0
2024-11-23,290997.0
2024-11-24,245310.0
2024-11-25,281012.0
2024-11-26,328665.0
2024-11-27,307496.0
2024-11-28,340148.0
2024-11-29,359024.0
2024-11-30,343325.0
2024-12-01,348697.0
2024-12-02,388831.0
2024-12-03,393383.0
2024-12-04,323608.0
2024-12-05,401590.0
2024-12-06,396171.0
2024-12-07,320776.0
2024-12-08,285299.0
2024-12-09,288612.0
2024-12-10,338473.0
2024-12-11,377398.0
2024-12-12,371292.0
2024-12-13,365953.0
2024-12-14,310700.0
2024-12-15,290894.0
2024-12-16,267250.0
2024-12-17,303450.0
2024-12-18,313884.0
2024-12-19,348047.0
2024-12-20,389139.0
2024-12-21,386198.0
2024-12-22,363114.0
2024-12-23,309951.0
2024-12-24,303982.0
2024-12-25,302069.0
2024-12-26,284459.0
2024-12-27,273499.0
2024-12-28,269915.0
2024-12-29,271951.0
2024-12-30,293160.0
2024-12-31,338642.0
2025-01-01,348569.0
2025-01-02,359468.0
2025-01-03,364425.0
2025-01-04,390105.0
2025-01-05,442446.0
2025-01-06,493153.0
2025-01-07,486934.0
2025-01-08,486227.0
2025-01-09,472577.0
2025-01-10,428655.0
2025-01-11,415930.0
2025-01-12,391193.0
2025-01-13,441959.0
2025-01-14,420396.0
2025-01-15,423351.0
2025-01-16,361079.0
2025-01-17,352628.0
2025-01-18,423148.0
2025-01-19,525556.0
2025-01-20,553301.0
2025-01-21,579910.0
2025-01-22,488877.0
2025-01-23,454787.0
2025-01-24,466150.0
2025-01-25,383752.0
2025-01-26,393929.0
2025-01-27,401984.0
2025-01-28,345091.0
2025-01-29,313555.0
2025-01-30,303965.0
2025-01-31,308731.0
2025-02-01,321200.0
2025-02-02,279347.0
2025-02-03,260573.0
2025-02-04,321155.0
2025-02-05,337242.0
2025-02-06,331186.0
2025-02-07,358633.0
2025-02-08,334881.0
2025-02-09,380917.0
2025-02-10,401081.0
2025-02-11,404544.0
2025-02-12,437071.0
2025-02-13,471515.0
2025-02-14,451011.0
2025-02-15,377899.0
2025-02-16,471260.0
2025-02-17,485433.0
2025-02-18,574484.0
2025-02-19,598785.0
2025-02-20,588601.0
2025-02-21,524940.0
2025-02-22,431807.0
2025-02-23,361821.0
2025-02-24,310252.0
2025-02-25,274117.0
2025-02-26,260544.0
2025-02-27,278323.0
2025-02-28,275721.0
2025-03-01,284453.0
2025-03-02,308275.0
2025-03-03,280535.0
2025-03-04,268201.0
2025-03-05,376025.0
2025-03-06,331019.0
2025-03-07,269452.0
2025-03-08,287901.0
2025-03-09,264669.0
2025-03-10,264364.0
2025-03-11,232708.0
2025-03-12,222790.0
2025-03-13,227724.0
2025-03-14,217452.0
2025-03-15,226564.0
2025-03-16,276738.0
2025-03-17,268895.0
2025-03-18,228963.0
2025-03-19,247996.0
2025-03-20,299606.0
2025-03-21,278756.0
2025-03-22,243801.0
2025-03-23,242048.0
2025-03-24,249449.0
2025-03-25,230181.0
2025-03-26,229555.0
2025-03-27,232745.0
2025-03-28,220437.0
2025-03-29,213793.0
2025-03-30,217403.0
2025-03-31,247345.0
2025-04-01,253380.0
2025-04-02,221036.0
2025-04-03,244035.0
2025-04-04,263445.0
2025-04-05,295131.0
2025-04-06,291745.0
2025-04-07,278431.0
2025-04-08,266130.0
2025-04-09,241421.0
2025-04-10,229222.0
2025-04-11,228832.0
2025-04-12,235204.0
2025-04-13,227812.0
2025-04-14,219622.0
2025-04-15,223029.0
2025-04-16,235688.0
2025-04-17,227712.0
2025-04-18,222702.0
2025-04-19,215901.0
2025-04-20,217521.0
2025-04-21,224934.0
2025-04-22,228605.0
2025-04-23,224974.0
2025-04-24,226533.0
2025-04-25,232775.0
2025-04-26,207535.0
2025-04-27,222760.0
2025-04-28,244661.0
2025-04-29,219222.0
2025-04-30,217075.0
2025-05-01,223260.0
2025-05-02,213214.0
2025-05-03,206812.0
2025-05-04,213544.0
2025-05-05,223443.0
2025-05-06,219799.0
2025-05-07,215526.0
2025-05-08,218349.0
2025-05-09,217880.0
2025-05-10,214444.0
2025-05-11,219405.0
2025-05-12,235871.0
2025-05-13,253009.0
2025-05-14,277978.0
2025-05-15,285985.0
2025-05-16,261600.0
2025-05-17,236027.0
2025-05-18,228328.0
2025-05-19,250187.0
2025-05-20,230639.0
2025-05-21,229558.0
2025-05-22,226122.0
2025-05-23,222824.0
2025-05-24,217985.0
2025-05-25,216588.0
2025-05-26,214403.0
2025-05-27,213618.0
2025-05-28,221838.0
2025-05-29,217451.0
2025-05-30,230567.0
2025-05-31,240844.0
2025-06-01,262569.0
2025-06-02,290760.0
2025-06-03,289312.0
2025-06-04,242591.0
2025-06-05,254248.0
2025-06-06,254642.0
2025-06-07,253416.0
2025-06-08,278822.0
2025-06-09,269484.0
2025-06-10,276710.0
2025-06-11,288090.0
2025-06-12,263534.0
2025-06-13,269679.0
2025-06-14,279634.0
2025-06-15,272025.0
2025-06-16,308710.0
2025-06-17,302028.0
2025-06-18,285058.0
2025-06-19,318410.0
2025-06-20,355641.0
2025-06-21,382101.0
2025-06-22,377013.0
2025-06-23,384735.0
2025-06-24,381782.0
2025-06-25,389020.0
2025-06-26,380799.0
2025-06-27,331568.0
2025-06-28,322057.0
2025-06-29,312393.0
2025-06-30,310651.0
2025-07-01,324602.0
2025-07-02,325303.0
2025-07-03,352754.0
2025-07-04,359274.0
2025-07-05,355756.0
2025-07-06,342638.0
2025-07-07,347702.0
2025-07-08,320399.0
2025-07-09,344212.0
2025-07-10,362702.0
2025-07-11,377961.0
2025-07-12,321823.0
2025-07-13,305868.0
2025-07-14,337068.0
2025-07-15,357334.0
2025-07-16,380390.0
2025-07-17,341763.0
2025-07-18,353867.0
2025-07-19,374502.0
2025-07-20,387571.0
2025-07-21,378477.0
2025-07-22,411383.0
2025-07-23,411953.0
2025-07-24,398546.0
2025-07-25,394382.0
2025-07-26,401480.0
2025-07-27,401307.0
2025-07-28,419760.0
2025-07-29,429558.0
2025-07-30,398979.0
2025-07-31,323491.0
2025-08-01,288490.0
2025-08-02,281273.0
2025-08-03,273936.0
2025-08-04,307412.0
2025-08-05,334179.0
2025-08-06,352045.0
2025-08-07,356657.0
2025-08-08,395043.0
2025-08-09,392311.0
2025-08-10,347292.0
2025-08-11,344014.0
2025-08-12,342567.0
2025-08-13,352607.0
2025-08-14,367689.0
2025-08-15,401072.0
2025-08-16,410873.0
2025-08-17,397905.0
2025-08-18,403164.0
2025-08-19,386128.0
2025-08-20,356874.0
2025-08-21,328654.0
2025-08-22,317226.0
2025-08-23,306910.0
2025-08-24,283669.0
2025-08-25,239233.0
2025-08-26,245877.0
2025-08-27,242725.0
2025-08-28,247522.0
2025-08-29,260534.0
2025-08-30,276022.0
2025-08-31,257703.0
2025-09-01,257328.0
2025-09-02,267430.0
2025-09-03,286475.0
2025-09-04,272130.0
2025-09-05,234109.0
2025-09-06,226983.0
2025-09-07,233530.0
2025-09-08,246482.0
2025-09-09,246956.0
2025-09-10,278024.0
2025-09-11,316486.0
2025-09-12,336302.0
2025-09-13,340349.0
2025-09-14,334784.0
2025-09-15,333114.0
2025-09-16,325189.0
2025-09-17,319494.0
2025-09-18,301014.0
2025-09-19,284701.0
2025-09-20,266276.0
2025-09-21,261914.0
2025-09-22,287707.0
2025-09-23,257235.0
2025-09-24,244536.0
2025-09-25,251776.0
2025-09-26,255221.0
2025-09-27,256036.0
2025-09-28,269060.0
2025-09-29,272263.0
2025-09-30,272076.0
2025-10-01,276731.0
2025-10-02,288438.0
2025-10-03,293995.0
2025-10-04,274650.0
2025-10-05,271371.0
2025-10-06,273858.0
2025-10-07,241895.0
2025-10-08,234820.0
2025-10-09,237808.0
2025-10-10,227237.0
2025-10-11,235184.0
2025-10-12,252585.0
2025-10-13,243880.0
2025-10-14,257419.0
2025-10-15,262710.0
2025-10-16,261508.0
2025-10-17,257335.0
2025-10-18,231908.0
2025-10-19,213086.0
2025-10-20,230081.0
2025-10-21,225996.0
2025-10-22,232027.0
2025-10-23,226126.0
2025-10-24,234470.0
2025-10-25,227016.0
2025-10-26,233000.0
2025-10-27,236397.0
2025-10-28,235773.0
2025-10-29,262146.0
2025-10-30,256365.0
2025-10-31,250153.0
2025-11-01,251551.0
2025-11-02,284674.0
2025-11-03,251444.0
2025-11-04,236012.0
2025-11-05,226652.0
2025-11-06,247547.0
2025-11-07,221075.0
2025-11-08,234002.0
2025-11-09,310527.0
2025-11-10,360619.0
2025-11-11,316787.0
2025-11-12,256102.0
2025-11-13,248555.0
2025-11-14,229707.0
2025-11-15,224177.0
2025-11-16,218134.0
2025-11-17,255935.0
2025-11-18,231748.0
2025-11-19,241670.0
2025-11-20,237766.0
2025-11-21,231271.0
2025-11-22,246146.0
2025-11-23,252934.0
2025-11-24,258275.0
2025-11-25,253170.0
2025-11-26,323974.0
2025-11-27,316151.0
2025-11-28,327951.0
2025-11-29,345195.0
2025-11-30,395215.0
2025-12-01,414360.0
2025-12-02,401494.0
2025-12-03,392465.0
2025-12-04,410852.0
2025-12-05,399179.0
2025-12-06,344569.0
2025-12-07,356116.0
2025-12-08,378418.0
2025-12-09,339509.0
2025-12-10,331153.0
2025-12-11,348111.0
2025-12-12,354446.0
2025-12-13,420050.0
2025-12-14,492099.0
2025-12-15,429928.0
2025-12-16,349794.0
2025-12-17,307611.0
2025-12-18,310735.0
2025-12-19,376209.0
2025-12-20,315995.0
2025-12-21,332833.0
2025-12-22,309391.0
2025-12-23,255313.0
2025-12-24,241559.0
2025-12-25,229131.0
2025-12-26,220011.0
2025-12-27,241894.0
2025-12-28,267700.0
2025-12-29,455361.0
2025-12-30,420963.0
2025-12-31,353876.0
